{
  "train_loss": [
    2.8613638637981373,
    1.87607794057662,
    1.274121718566602,
    1.0027533333077976,
    0.8277738972692601,
    0.678536529291337,
    0.5866527750343594,
    0.5295469028993799,
    0.42733698373457735,
    0.38172447807898185,
    0.32516940210389406,
    0.2765420214881806,
    0.27884517219440325,
    0.2145033889870216,
    0.19087225491975285,
    0.1902002092096432,
    0.17306912224803536
  ],
  "train_acc": [
    0.17727583846680356,
    0.5147159479808351,
    0.6550308008213552,
    0.7378507871321013,
    0.7741273100616016,
    0.8193018480492813,
    0.8473648186173853,
    0.8555783709787816,
    0.892539356605065,
    0.8993839835728953,
    0.9144421629021219,
    0.9260780287474333,
    0.9260780287474333,
    0.9438740588637919,
    0.9527720739219713,
    0.9411362080766599,
    0.9548254620123203
  ],
  "val_loss": [
    2.270287891856411,
    1.3505117253253334,
    1.002206265717222,
    0.8573890543820565,
    0.8098272854821724,
    0.703946886564556,
    0.6713569243748982,
    0.6102878917727554,
    0.5724783253251461,
    0.5876940499272263,
    0.5854485808757314,
    0.5686396977357697,
    0.5379734583068312,
    0.5971554210311488,
    0.574521817868216,
    0.5713008261563485,
    0.614992930805474
  ],
  "val_acc": [
    0.4245614035087719,
    0.6491228070175439,
    0.7508771929824561,
    0.7964912280701755,
    0.8070175438596491,
    0.8280701754385965,
    0.8280701754385965,
    0.8456140350877193,
    0.8456140350877193,
    0.8596491228070176,
    0.8385964912280702,
    0.8526315789473684,
    0.8596491228070176,
    0.8526315789473684,
    0.8526315789473684,
    0.8421052631578947,
    0.8421052631578947
  ],
  "lr": [
    0.0001,
    9.972883382072954e-05,
    9.891830623632339e-05,
    9.757729755661011e-05,
    9.572050015330873e-05,
    9.336825748732972e-05,
    9.05463412215599e-05,
    8.728566886113101e-05,
    8.362196501476347e-05,
    7.959536998847741e-05,
    7.524999999999999e-05,
    7.06334638322521e-05,
    6.579634122155988e-05,
    6.079162869547907e-05,
    5.567415893174884e-05,
    5.05e-05,
    4.532584106825115e-05
  ]
}